month,base,extended
48,0.140678,0.148906
49,0.151181,0.163174
50,0.147497,0.147184
51,0.141517,0.148638
52,0.116495,0.118067
53,0.148563,0.144286
54,0.141364,0.138439
55,0.124845,0.126459
56,0.146424,0.143577
57,0.152737,0.163621
58,0.145080,0.144888
59,0.159164,0.167867
60,0.153558,0.157978
61,0.123252,0.131987
62,0.118993,0.112169
63,0.125744,0.136937
64,0.146819,0.152708
65,0.146082,0.145636
66,0.191919,0.184188
67,0.138293,0.136016
68,0.130979,0.130538
69,0.145330,0.142664
70,0.117001,0.106508
