month,plain,static,transductive
48,0.147257,0.143624,0.143635
49,0.151602,0.147605,0.147363
50,0.141282,0.137396,0.137474
51,0.142395,0.138524,0.138759
52,0.115708,0.114564,0.114512
53,0.144995,0.139603,0.139955
54,0.145031,0.142254,0.142355
55,0.122202,0.124791,0.124810
56,0.139831,0.138480,0.138350
57,0.152283,0.153260,0.153282
58,0.140031,0.140277,0.140498
59,0.156888,0.156118,0.155983
60,0.149238,0.152488,0.152471
61,0.123354,0.124062,0.124105
62,0.115081,0.116185,0.116261
63,0.123565,0.126833,0.126838
64,0.149002,0.147853,0.147802
65,0.148066,0.143153,0.142804
66,0.181620,0.178987,0.179220
67,0.135283,0.135340,0.135582
68,0.122767,0.126151,0.125883
69,0.137683,0.137044,0.136874
70,0.111414,0.108273,0.108632
