feature,mean_abs_shap,family,share
ord_new_count_imbalance_30s,5.687353708402265e-05,ord,0.03236878246498257
ord_new_count_imbalance_60s,4.677627581506285e-05,ord,0.02662206667650964
ord_new_count_imbalance_10s,4.015790123722315e-05,ord,0.022855310853579704
txn_count_imbalance_10s,3.85925495773769e-05,txn,0.021964412731947016
mkt_mid_return_60s,2.9654858452389616e-05,mkt,0.01687765016016402
mkt_micro_minus_mid_last,2.8257664299804303e-05,mkt,0.01608245654455391
ord_new_count_imbalance_5s,2.7427705945451446e-05,ord,0.01561009729270443
txn_volume_imbalance_30s,2.726081651243552e-05,txn,0.015515114493498253
ord_ofi_60s,2.1966744675219417e-05,ord,0.01250206715305107
mkt_microprice_last,2.0842965283385506e-05,mkt,0.011862483745056544
mkt_depth_imb12_mean_600s,1.9886169942296423e-05,mkt,0.011317936986632375
txn_volume_imbalance_10s,1.9030400116393867e-05,txn,0.010830887494813136
mkt_mid_start_600s,1.898679597603383e-05,mkt,0.010806070804903357
ord_cancel_count_imbalance_60s,1.8965858813310817e-05,ord,0.010794154709995913
txn_count_imbalance_30s,1.8815535749894577e-05,txn,0.010708600429593033
txn_volume_imbalance_1s,1.853229950348987e-05,txn,0.010547400460044319
mkt_mid_return_30s,1.7229151662980372e-05,mkt,0.009805731994676202
mkt_mid_std_600s,1.6894590105167406e-05,mkt,0.009615320938124634
ord_decay_imbalance_lam0p1,1.6880554456549617e-05,ord,0.009607332743963384
ord_cancel_count_imbalance_30s,1.6804258293261444e-05,ord,0.009563909843981989
mkt_trade_aggression_60s,1.677465377409786e-05,mkt,0.00954706084372778
txn_volume_imbalance_5s,1.6518147734260735e-05,txn,0.009401073999403752
mkt_trade_aggression_600s,1.6202717346305565e-05,mkt,0.00922155118204351
mkt_mid_return_120s,1.6121879974551692e-05,mkt,0.009175543716436503
ord_ofi_30s,1.5982116118695406e-05,ord,0.009095999062127491
mkt_mid_range_600s,1.586709508083711e-05,mkt,0.009030536438485299
mkt_mid_return_600s,1.3732692628618003e-05,mkt,0.007815770974425313
mkt_trade_aggression_120s,1.3648775984655368e-05,mkt,0.007768010983876368
mkt_depth_imb1_delta_5s_vs_600s,1.2436991184216022e-05,mkt,0.007078340521815154
txn_count_imbalance_60s,1.215073836576886e-05,txn,0.006915423712251936
txn_volume_imbalance_60s,1.1759078465332736e-05,txn,0.0066925159282900494
mkt_trade_aggression_5s,1.1659296393922683e-05,mkt,0.006635726350412983
txn_count_imbalance_5s,1.1419337357922292e-05,txn,0.006499157003137665
txn_vwap_60s,1.1221615723781617e-05,txn,0.006386626485567336
txn_count_imbalance_1s,1.0925147758195181e-05,txn,0.006217895867112463
mkt_ask_slope_last,1.0594533498690836e-05,mkt,0.006029731360482475
mkt_mid_range_300s,1.0531718944082749e-05,mkt,0.005993981330539021
ord_ask_vwap_1s,1.0369533976435189e-05,ord,0.005901676012353546
mkt_trade_volume_rate_600s,1.0076985589148748e-05,mkt,0.0057351761673629575
mkt_mid_std_300s,9.445199559824878e-06,mkt,0.00537560393753334
ord_avg_new_size_10s,9.303841301271113e-06,ord,0.005295151851108756
ord_ask_vwap_60s,8.889612588888154e-06,ord,0.005059399341781522
mkt_mid_mean_300s,8.76588449593222e-06,mkt,0.00498898121885414
mkt_depth_imb12_mean_300s,8.763198433239142e-06,mkt,0.004987452483638127
mkt_micro_minus_mid_10s,8.753873876639971e-06,mkt,0.0049821455419633886
mkt_bid_slope_last,8.732649998314962e-06,mkt,0.0049700662668595635
ord_bid_vwap_30s,8.686998063598108e-06,ord,0.0049440841032784184
ord_cancel_count_imbalance_10s,8.358113440323341e-06,ord,0.004756903995047568
txn_volume_rate_5s,8.31323959442308e-06,txn,0.0047313646698924116
mkt_mid_range_120s,8.223419354766311e-06,mkt,0.004680244729978926
mkt_micro_minus_mid_5s,8.129453686142656e-06,mkt,0.0046267654768359
mkt_trade_aggression_30s,8.111692831771559e-06,mkt,0.004616657133641403
ord_avg_new_size_5s,7.94010100500134e-06,ord,0.004518998032444855
mkt_depth_last_vs_mean,7.821348389705978e-06,mkt,0.004451411633414238
mkt_depth_imb1_delta_10s_vs_600s,7.767268882147867e-06,mkt,0.0044206330339862515
mkt_trade_aggression_10s,7.762351415007724e-06,mkt,0.004417834325970205
mkt_depth_imb12_last,7.189861827978944e-06,mkt,0.004092009841401474
mkt_mid_return_300s,7.1594005806049505e-06,mkt,0.004074673246204236
ord_cancel_count_imbalance_1s,7.0991457281181876e-06,ord,0.0040403800351151795
mkt_depth_imb1_mean_30s,7.0975350044724535e-06,mkt,0.004039463314158947
mkt_mid_mean_120s,7.0408275498775264e-06,mkt,0.0040071890552322645
mkt_mid_range_60s,6.96560544776867e-06,mkt,0.0039643774422298385
ord_avg_cancel_size_60s,6.942288087047643e-06,ord,0.003951106690742703
ord_avg_new_size_60s,6.917172222030577e-06,ord,0.003936812345554427
mkt_mid_std_120s,6.893624777409786e-06,mkt,0.003923410645016431
mkt_mid_start_300s,6.885937713465497e-06,mkt,0.003919035659507099
mkt_mid_return_10s,6.8244915545201885e-06,mkt,0.003884064432919397
ord_bid_vwap_60s,6.68356134561229e-06,ord,0.0038038559649961694
ord_decay_imbalance_lam0p5,6.629550708769395e-06,ord,0.003773116562377689
mkt_mid_last,6.614425399968622e-06,mkt,0.0037645082032815315
txn_volume_rate_10s,6.587084664510701e-06,txn,0.0037489476040319606
txn_price_range_60s,6.204174754261968e-06,txn,0.003531019755264328
mkt_depth_imb1_mean_120s,6.189972202948074e-06,mkt,0.0035229365707553704
mkt_trade_count_rate_600s,6.111927388211124e-06,mkt,0.0034785184501273524
ord_ofi_10s,6.066815063730816e-06,ord,0.0034528433982058317
ord_cancel_rate_30s,6.044813143271207e-06,ord,0.003440321311244425
mkt_mid_mean_600s,5.9926549084674145e-06,mkt,0.00341063617747778
ord_bid_vwap_10s,5.974421136446493e-06,ord,0.0034002586797816305
mkt_depth_imb1_std_600s,5.8957585999025735e-06,mkt,0.003355488991380289
mkt_mid_start_120s,5.890765023843853e-06,mkt,0.0033526469670319826
mkt_mid_std_60s,5.889701243923322e-06,mkt,0.0033520415314884293
txn_vwap_30s,5.701260846921125e-06,txn,0.003244793300924401
ord_bid_vwap_1s,5.646307698350225e-06,ord,0.003213517480867184
mkt_mid_range_30s,5.637639154275091e-06,mkt,0.0032085838995947274
mkt_bid_slope_10s,5.536292354483035e-06,mkt,0.0031509037783259415
ord_ask_vwap_30s,5.519456423765669e-06,ord,0.0031413218425623748
mkt_trade_volume_rate_5s,5.479373285147238e-06,mkt,0.00311850908181326
mkt_snapshot_rate_600s,5.405559665070825e-06,mkt,0.00307649908676624
txn_price_range_30s,5.403222168707843e-06,txn,0.0030751687332281038
mkt_spread_last_vs_mean,5.348327971717755e-06,mkt,0.003043926464643032
ord_cancel_new_ratio_30s,5.336768615991408e-06,ord,0.0030373476181332977
mkt_depth_imb1_mean_600s,5.258459613811551e-06,mkt,0.002992779138897254
mkt_trade_volume_rate_10s,5.242115680800741e-06,mkt,0.0029834772167842056
ord_event_accel_30s_vs_60s,5.199775814599099e-06,ord,0.0029593800709243885
mkt_micro_minus_mid_30s,5.16894212316612e-06,mkt,0.0029418315043720387
mkt_depth_imb12_mean_120s,5.12050822948387e-06,mkt,0.002914266027545501
txn_price_std_60s,5.1109108865792676e-06,txn,0.0029088038333397502
ord_max_to_avg_size,5.089288054328451e-06,ord,0.0028964974991588905
txn_intensity_5s,5.034257725297197e-06,txn,0.0028651777529163187
txn_first_price,5.007782873838075e-06,txn,0.0028501099594993736
txn_vwap_total,4.971121497159623e-06,txn,0.00282924464695835
txn_vwap_5s,4.9306190869922075e-06,txn,0.002806193263639607
txn_volume_rate_30s,4.928974516299508e-06,txn,0.00280525727910744
mkt_trade_count_rate_30s,4.923851371396023e-06,mkt,0.002802341512453565
ord_event_accel_10s_vs_60s,4.909633618827884e-06,ord,0.002794249676362219
mkt_trade_count_rate_300s,4.859999926226465e-06,mkt,0.00276600135067121
txn_large_volume_share,4.8546491459803855e-06,txn,0.002762956028528727
mkt_depth_imb1_mean_10s,4.844024056723597e-06,mkt,0.0027569089067835837
mkt_ask_slope_120s,4.797682734782154e-06,mkt,0.002730534388053612
ord_new_rate_10s,4.777654133608592e-06,ord,0.0027191353883130624
mkt_depth_imb1_mean_5s,4.71729618464766e-06,mkt,0.0026847835012999057
ord_cancel_volume_imbalance_10s,4.692504141705424e-06,ord,0.0026706734549408378
mkt_mid_std_30s,4.6846236722282605e-06,mkt,0.002666188395362929
mkt_trade_volume_rate_120s,4.663199047488798e-06,mkt,0.0026539948682298966
ord_new_volume_imbalance_10s,4.619306111528018e-06,ord,0.0026290138143213815
mkt_bid_slope_300s,4.595957711049113e-06,mkt,0.002615725396987843
ord_ask_vwap_10s,4.530439552318785e-06,ord,0.0025784366483679873
mkt_micro_minus_mid_600s,4.528448918154251e-06,mkt,0.0025773037066249057
mkt_depth_imb1_std_5s,4.525183558580966e-06,mkt,0.002575445272648108
mkt_mid_start_60s,4.504939452902208e-06,mkt,0.0025639236215163038
ord_ask_vwap_5s,4.499928561346218e-06,ord,0.0025610717422936027
txn_vwap_10s,4.480637093472365e-06,txn,0.002550092271716339
ord_cancel_count_imbalance_5s,4.4167410895732286e-06,ord,0.002513726749952899
mkt_trade_aggression_300s,4.4025656855061275e-06,mkt,0.002505659015921809
mkt_micro_minus_mid_60s,4.391815383641399e-06,mkt,0.0024995406311626865
ord_new_volume_imbalance_5s,4.3188565026666795e-06,ord,0.0024580170989851407
mkt_total_depth_mean_600s,4.3058484085134305e-06,mkt,0.0024506137231531
ord_new_rate_60s,4.2824496449102825e-06,ord,0.0024372966423479984
mkt_depth_imb1_std_10s,4.218998743138185e-06,mkt,0.002401184444268358
txn_window_covered,4.209246986540234e-06,txn,0.0023956343676570825
ord_avg_new_size_30s,4.179695561485853e-06,ord,0.002378815585176536
ord_volume_std,4.176052968467134e-06,ord,0.0023767424540319547
ord_event_rate_30s,4.117526977818309e-06,ord,0.002343433200607806
ord_bid_vwap_5s,4.099415807252699e-06,ord,0.002333125479824442
mkt_depth_imb1_last,4.056777579463744e-06,mkt,0.002308858525617706
ord_cancel_volume_imbalance_5s,4.052012565387935e-06,ord,0.0023061465841424543
txn_intensity_10s,4.0147372796000094e-06,txn,0.0022849318737718487
mkt_last_seconds_gap,4.012373837556377e-06,mkt,0.0022835867536105
mkt_depth_imb1_std_30s,3.992080952180492e-06,mkt,0.0022720373401926494
ord_event_rate_60s,3.978302550397677e-06,ord,0.0022641955544889718
ord_new_rate_5s,3.948252951951262e-06,ord,0.002247093243552427
mkt_last_valid_gap,3.944242087358203e-06,mkt,0.0022448105157643265
mkt_mid_start_10s,3.936323821456787e-06,mkt,0.00224030394487734
mkt_trade_volume_rate_30s,3.922038596207121e-06,mkt,0.002232173707647913
mkt_trade_count_rate_10s,3.914120139255737e-06,mkt,0.0022276670280274944
ord_event_rate_5s,3.874376526293548e-06,ord,0.0022050475035824964
txn_avg_size_60s,3.8704403356515485e-06,txn,0.0022028072754348544
ord_avg_cancel_size_10s,3.779761590851926e-06,ord,0.0021511987292619594
mkt_mid_std_10s,3.771575012342998e-06,mkt,0.0021465394519868974
mkt_spread_min,3.7573473160930226e-06,mkt,0.0021384419565873597
txn_price_std_1s,3.7546222640412982e-06,txn,0.0021368910311202536
mkt_total_depth_mean_300s,3.7511700431886995e-06,mkt,0.002134926247645757
txn_intensity_30s,3.7403621892629162e-06,txn,0.0021287751079316903
txn_price_std_10s,3.737921569042056e-06,txn,0.0021273860628843962
txn_price_std_5s,3.7208671053486144e-06,txn,0.0021176797521175027
mkt_ask_slope_5s,3.7176934598638615e-06,mkt,0.0021158735159383605
ord_cancel_volume_imbalance_60s,3.7084393319938394e-06,ord,0.002110606657795085
mkt_mid_mean_60s,3.6528706553701273e-06,mkt,0.002078980518509206
ord_avg_cancel_size_1s,3.640702561735492e-06,ord,0.0020720552172871073
mkt_mid_return_5s,3.626348511884802e-06,mkt,0.002063885809493425
mkt_depth_imb1_delta_120s_vs_600s,3.611971882906877e-06,mkt,0.0020557035511035745
mkt_ask_slope_10s,3.6111203977022477e-06,mkt,0.0020552189401443497
txn_window_return,3.5793397494729166e-06,txn,0.0020371314263044494
ord_last_seconds_gap,3.5582447241810733e-06,ord,0.0020251254861119797
mkt_depth_imb1_std_60s,3.518157596218894e-06,mkt,0.002002310454883366
ord_new_volume_imbalance_60s,3.4864505872670157e-06,ord,0.0019842648518138334
ord_avg_new_size_1s,3.485027875162455e-06,ord,0.001983455135010836
mkt_total_depth_mean_5s,3.4848296960890043e-06,mkt,0.001983342344148046
txn_avg_size_30s,3.408876740434114e-06,txn,0.001940114776016781
ord_event_rate_10s,3.3944084296652085e-06,ord,0.001931880338210977
mkt_ask_slope_60s,3.3854410790184245e-06,mkt,0.0019267766953349563
mkt_mid_mean_30s,3.3598685420285995e-06,mkt,0.0019122224416461366
ord_event_accel_1s_vs_60s,3.3464693275078694e-06,ord,0.0019045964650978098
mkt_bid_slope_5s,3.3442573391449577e-06,mkt,0.0019033375426919749
mkt_snapshot_accel_30s_vs_600s,3.333431871408e-06,mkt,0.0018971763783223034
ord_new_count_imbalance_1s,3.2825998987799462e-06,ord,0.0018682460682233795
mkt_total_depth_mean_10s,3.2769502081430824e-06,mkt,0.0018650306253901172
mkt_depth_imb1_std_120s,3.261514676407245e-06,mkt,0.0018562457072259712
mkt_total_depth_mean_120s,3.2479987214406926e-06,mkt,0.0018485532894768784
mkt_depth_imb1_delta_300s_vs_600s,3.2358179198118687e-06,mkt,0.001841620755676668
txn_vwap_1s,3.230136796749725e-06,txn,0.0018383874235158133
txn_price_range_5s,3.2107640099111428e-06,txn,0.001827361671381
mkt_trade_count_rate_60s,3.208724770749267e-06,mkt,0.0018262010667798247
txn_price_std_30s,3.2008598055746004e-06,txn,0.0018217248312600023
mkt_snapshot_accel_10s_vs_600s,3.178167193258402e-06,mkt,0.0018088096466366151
mkt_trade_count_rate_120s,3.1679997321592963e-06,mkt,0.0018030229775913627
ord_cancel_new_ratio_60s,3.1414527889038534e-06,ord,0.0017879141541314084
ord_cancel_rate_60s,3.1405139778840246e-06,ord,0.00178737984289925
mkt_mid_range_10s,3.132940499326428e-06,mkt,0.0017830695029326697
mkt_depth_imb1_delta_60s_vs_600s,3.1149781400582527e-06,mkt,0.00177284647602913
ord_ofi_5s,3.1069969569576657e-06,ord,0.0017683040966934745
mkt_micro_minus_mid_300s,3.1069365795746255e-06,mkt,0.0017682697337458254
ord_event_accel_5s_vs_60s,3.106434250541951e-06,ord,0.0017679838401647658
mkt_depth_imb1_delta_30s_vs_600s,3.0950038215926073e-06,mkt,0.0017614783705366655
txn_price_range_10s,3.0837442277423387e-06,txn,0.0017550701293287208
txn_intensity_accel_5s_vs_60s,3.0791104872477757e-06,txn,0.0017524329003860914
txn_volume_rate_60s,3.0770452515135237e-06,txn,0.0017512575001973859
mkt_ask_slope_30s,3.063433568938045e-06,mkt,0.001743510600411337
mkt_mid_start_30s,3.0350779295679846e-06,mkt,0.0017273723827184754
mkt_depth_imb1_mean_300s,3.0338456525094896e-06,mkt,0.0017266710493728092
mkt_ask_slope_600s,3.0245171847266557e-06,mkt,0.0017213618817022974
ord_window_covered,3.011254491101042e-06,ord,0.0017138136041222874
mkt_trade_volume_rate_60s,2.9695405856163675e-06,mkt,0.0016900727150968079
txn_last_seconds_gap,2.964064344124639e-06,txn,0.0016869559884316527
txn_price_range_1s,2.951077145733299e-06,txn,0.0016795645051318217
txn_avg_size_5s,2.9509433987846825e-06,txn,0.0016794883849165674
ord_new_rate_30s,2.9250278631668684e-06,ord,0.001664738918330073
mkt_bid_slope_30s,2.9199352443639465e-06,mkt,0.0016618405251816863
mkt_depth_imb12_mean_30s,2.911981987174791e-06,mkt,0.0016573140394900454
txn_intensity_1s,2.888985979199288e-06,txn,0.0016442261814476947
ord_avg_cancel_size_5s,2.8701510734186155e-06,ord,0.0016335065568345403
mkt_spread_mean_60s,2.8599199279224272e-06,mkt,0.0016276836427006006
txn_intensity_accel_10s_vs_60s,2.859306525333845e-06,txn,0.0016273345331503375
ord_cancel_new_ratio_5s,2.8411516019366957e-06,ord,0.001617001911051547
mkt_trade_volume_rate_300s,2.8387862022328815e-06,mkt,0.001615655676715139
mkt_mid_mean_10s,2.827077429871063e-06,mkt,0.001608991791805857
ord_cancel_new_ratio_10s,2.8181209565655554e-06,ord,0.0016038943396173093
mkt_depth_imb12_mean_5s,2.798448079176583e-06,mkt,0.0015926977951202937
ord_cancel_new_ratio_1s,2.7672210575928976e-06,ord,0.0015749253701842758
mkt_rel_spread_mean_60s,2.7395561615316526e-06,mkt,0.0015591802794367134
ord_ofi_delta_10s_vs_60s,2.737143839452373e-06,ord,0.0015578073398830451
ord_new_rate_1s,2.7334806882637805e-06,ord,0.0015557225083420645
ord_ofi_delta_30s_vs_60s,2.713029506737115e-06,ord,0.0015440830028720508
txn_avg_size_10s,2.707247087056546e-06,txn,0.0015407920191499544
mkt_spread_mean_600s,2.6895663153111245e-06,mkt,0.0015307292538678328
mkt_depth_imb1_mean_60s,2.6724373355434394e-06,mkt,0.0015209805333138752
ord_ofi_delta_1s_vs_60s,2.6677629738940674e-06,ord,0.001518320185406066
mkt_depth_imb12_mean_60s,2.661463160991077e-06,mkt,0.0015147347345288728
mkt_depth_imb1_std_300s,2.6611899806432386e-06,mkt,0.0015145792577341058
ord_cancel_volume_imbalance_1s,2.6093268468497887e-06,ord,0.0014850620766023546
txn_avg_size_1s,2.596827507414367e-06,txn,0.0014779482514406907
mkt_mid_mean_5s,2.5918047644361295e-06,mkt,0.001475089627145882
txn_intensity_60s,2.5886437685840517e-06,txn,0.0014732905903292084
ord_avg_cancel_size_30s,2.5579988506651404e-06,ord,0.0014558494615963665
mkt_spread_mean_30s,2.546493949329e-06,mkt,0.0014493016070453045
mkt_mid_start_5s,2.5272652630236888e-06,mkt,0.0014383578677244235
ord_cancel_rate_10s,2.5085398802252168e-06,ord,0.001427700576593017
ord_cancel_rate_5s,2.49538709397981e-06,ord,0.0014202148512695329
mkt_depth_imb12_mean_10s,2.491184350818469e-06,mkt,0.0014178229184635134
ord_cancel_volume_imbalance_30s,2.4745423305199412e-06,ord,0.0014083513441173453
mkt_rel_spread_mean_600s,2.4481587999434607e-06,mkt,0.0013933355247103924
txn_intensity_accel_30s_vs_60s,2.4423676136320706e-06,txn,0.0013900395515823165
ord_new_volume_imbalance_1s,2.4287279939501363e-06,ord,0.0013822767517807607
txn_volume_rate_1s,2.418576288779408e-06,txn,0.001376499050002964
mkt_bid_slope_60s,2.3933306345183308e-06,mkt,0.0013621308370719534
mkt_ask_slope_300s,2.3895539012187377e-06,mkt,0.0013599813618525348
mkt_mid_std_5s,2.3781099067064038e-06,mkt,0.001353468171572969
mkt_trade_count_rate_5s,2.3068460101264285e-06,mkt,0.0013129093161848052
txn_last_price,2.305387086018459e-06,txn,0.001312078989823812
mkt_total_depth_last,2.2799341884154336e-06,mkt,0.0012975928272276889
mkt_total_depth_mean_60s,2.2483616895715043e-06,mkt,0.0012796237787149288
ord_ofi_1s,2.2408217548180497e-06,ord,0.0012753325297378488
mkt_total_depth_mean_30s,2.207928742301197e-06,mkt,0.0012566119292377778
txn_intensity_accel_1s_vs_60s,2.1360792372617177e-06,txn,0.0012157197829412724
ord_event_rate_1s,2.119554908812403e-06,ord,0.0012063151912738758
mkt_micro_minus_mid_120s,2.1122957304927187e-06,mkt,0.0012021837309154802
mkt_spread_mean_10s,2.107984872855226e-06,mkt,0.0011997302662593366
ord_new_volume_imbalance_30s,2.0932348477624982e-06,ord,0.0011913354946650504
ord_ofi_delta_5s_vs_60s,2.066257488045651e-06,ord,0.0011759817056636005
mkt_spread_mean_120s,1.976346434673857e-06,mkt,0.0011248100803875173
mkt_snapshot_accel_60s_vs_600s,1.956215514329777e-06,mkt,0.0011133528471144267
mkt_mid_range_5s,1.9133762753603894e-06,mkt,0.0010889714901906095
mkt_rel_spread_last,1.8693576979423324e-06,mkt,0.0010639189291944805
ord_n_total,1.861745379622908e-06,ord,0.0010595864841177547
mkt_rel_spread_mean_300s,1.8583413099951755e-06,mkt,0.0010576491052430605
mkt_rel_spread_mean_120s,1.8559648241042081e-06,mkt,0.0010562965613574538
mkt_rel_spread_mean_30s,1.837617706659667e-06,mkt,0.001045854554690197
mkt_bid_slope_600s,1.8205266098530073e-06,mkt,0.001036127394696518
ord_cancel_rate_1s,1.814976540027978e-06,ord,0.0010329686496624887
mkt_rel_spread_mean_10s,1.7609475896162568e-06,mkt,0.0010022188241310705
ord_cancel_share_total,1.7447427943151132e-06,ord,0.0009929960903099374
mkt_spread_last,1.6755680086126247e-06,mkt,0.0009536262233161249
mkt_snapshot_accel_300s_vs_600s,1.66259673678716e-06,mkt,0.000946243804399708
mkt_micro_edge_norm_last,1.638703261177742e-06,mkt,0.0009326451651381648
mkt_snapshot_accel_5s_vs_600s,1.5774579009383665e-06,mkt,0.0008977882203406386
mkt_n_snapshots,1.5019232521392343e-06,mkt,0.000854798725737272
mkt_spread_mean_5s,1.5017447878497251e-06,mkt,0.0008546971552695102
mkt_bid_slope_120s,1.4968445310240848e-06,mkt,0.0008519082422645504
mkt_spread_mean_300s,1.4465706241795492e-06,mkt,0.0008232955475430763
mkt_rel_spread_mean_5s,1.4017447323830926e-06,mkt,0.0007977835147990118
mkt_snapshot_accel_120s_vs_600s,1.36235720077116e-06,mkt,0.0007753666491010732
txn_n_total,1.1477688046955968e-06,txn,0.0006532366486086168
mkt_snapshot_rate_300s,9.080504321201198e-07,mkt,0.0005168042715737253
mkt_snapshot_rate_120s,6.534541575080977e-07,mkt,0.00037190434356086703
mkt_empty_ask_share,5.418522868084757e-07,mkt,0.0003083876913430818
mkt_spread_mean_clean,4.575870848920662e-07,mkt,0.0002604293238835285
mkt_snapshot_rate_10s,2.5736846501603425e-07,mkt,0.00014647768161742862
mkt_snapshot_rate_60s,1.418214776797535e-07,mkt,8.07157211463105e-05
mkt_empty_bid_share,6.877177076793054e-08,mkt,3.914049665013981e-05
mkt_snapshot_rate_30s,4.64542878965221e-08,mkt,2.6438811731838264e-05
mkt_null_mid_share,0.0,mkt,0.0
mkt_snapshot_rate_5s,0.0,mkt,0.0
