sample_id,feature,feature_value,shap_value
1249443,mkt_depth_imb12_mean_600s,-0.3936922550201416,3.665816669198723e-05
1249443,txn_count_imbalance_10s,-0.7777777910232544,-3.6090449808501076e-05
1249443,ord_new_count_imbalance_30s,-0.1428571492433548,-2.9691537751549057e-05
1249443,txn_volume_imbalance_30s,-0.6888889074325562,-2.9469343028833368e-05
1249443,ord_ask_vwap_1s,0.9940943717956543,2.9133852797193066e-05
1249443,ord_new_count_imbalance_60s,-0.1515151560306549,-2.721633123053345e-05
1249443,txn_volume_imbalance_1s,-1.0,-2.669838502468281e-05
1249443,mkt_trade_aggression_120s,0.18466556072235107,2.570765235998334e-05
1249443,txn_volume_imbalance_10s,-0.8604651093482971,-2.389236482818708e-05
1249443,txn_count_imbalance_1s,-1.0,-2.3073089632194642e-05
1249443,mkt_trade_aggression_600s,0.14258894324302673,-2.2901504726006117e-05
1249443,txn_volume_imbalance_5s,-0.8604651093482971,-2.042267041099243e-05
1249443,ord_new_count_imbalance_5s,-0.5,-2.0193038776531033e-05
1249443,txn_count_imbalance_30s,-0.529411792755127,-1.988302868798214e-05
1249443,mkt_trade_aggression_60s,0.12891040742397308,1.9722507127525834e-05
1249443,mkt_mid_return_60s,-0.0007833963027223945,1.953360852590217e-05
1249443,txn_vwap_5s,1.0007119178771973,1.9032317896279213e-05
1249443,ord_new_count_imbalance_10s,-0.20000000298023224,-1.7656580555084134e-05
1249443,txn_vwap_60s,1.001067042350769,1.66622857575266e-05
1249443,mkt_depth_imb1_mean_600s,-0.30931052565574646,1.6381447558596332e-05
1199243,mkt_micro_minus_mid_last,-0.0007887093815952539,-0.00013078004354321793
1199243,ord_new_count_imbalance_60s,0.5616438388824463,0.00010994189952853428
1199243,mkt_depth_imb12_mean_600s,-0.43309450149536133,7.599359864536938e-05
1199243,ord_new_count_imbalance_5s,0.529411792755127,7.353045361484288e-05
1199243,txn_count_imbalance_1s,1.0,7.225007026024545e-05
1199243,txn_intensity_5s,2.4000000953674316,7.083967900453053e-05
1199243,ord_ofi_60s,0.4598262906074524,7.021050429715271e-05
1199243,mkt_mid_mean_600s,0.9932286143302917,-6.905513513759813e-05
1199243,mkt_mid_std_300s,0.002438973169773817,6.771998152082571e-05
1199243,mkt_mid_return_60s,0.0017683497862890363,-6.624486796662242e-05
1199243,mkt_mid_mean_120s,0.9968695044517517,6.543384473382753e-05
1199243,ord_new_count_imbalance_10s,0.39393940567970276,6.419801083636568e-05
1199243,txn_volume_imbalance_1s,1.0,6.34449870920843e-05
1199243,txn_count_imbalance_10s,0.7714285850524902,6.317777731774487e-05
1199243,mkt_trade_aggression_600s,0.303468257188797,-5.922267429131945e-05
1199243,mkt_depth_imb12_last,-0.8715313673019409,-5.920081836194383e-05
1199243,txn_vwap_30s,0.9976477026939392,-5.0140315642976455e-05
1199243,mkt_mid_range_600s,0.008818358182907104,4.8390749784861025e-05
1199243,txn_volume_imbalance_30s,0.22459222376346588,4.7868614614193696e-05
1199243,ord_decay_imbalance_lam0p1,0.6990948915481567,4.602793852639823e-05
1185708,ord_new_count_imbalance_60s,1.0,8.191464921752471e-05
1185708,ord_new_count_imbalance_30s,1.0,5.461323976532479e-05
1185708,txn_count_imbalance_10s,-1.0,-5.409848812511585e-05
1185708,mkt_bid_slope_last,,3.898697829250946e-05
1185708,txn_volume_imbalance_30s,-1.0,-3.839315103224407e-05
1185708,mkt_empty_ask_share,1.0,-3.618486798323292e-05
1185708,ord_new_count_imbalance_10s,1.0,3.0105885160689036e-05
1185708,txn_count_imbalance_30s,-1.0,-2.9181643242368455e-05
1185708,ord_ofi_60s,0.2861952781677246,2.7301027815735048e-05
1185708,mkt_mid_start_600s,,2.3905323638908606e-05
1185708,ord_cancel_count_imbalance_60s,1.0,-2.3330814980990834e-05
1185708,ord_cancel_count_imbalance_10s,1.0,-2.220645214050624e-05
1185708,mkt_trade_aggression_600s,,2.014430013602108e-05
1185708,txn_volume_imbalance_5s,-1.0,-2.0116508918209788e-05
1185708,txn_count_imbalance_5s,-1.0,-1.9562207841928557e-05
1185708,mkt_trade_aggression_60s,,-1.9425690450994936e-05
1185708,mkt_mid_return_60s,,-1.8721560231626297e-05
1185708,mkt_mid_std_300s,,1.8406294580075505e-05
1185708,mkt_ask_slope_last,,-1.771484805794049e-05
1185708,ord_decay_imbalance_lam0p1,1.0,1.7641147335849043e-05
1190644,ord_new_count_imbalance_30s,-0.4444444477558136,-6.0584651167317564e-05
1190644,ord_new_count_imbalance_10s,-0.6363636255264282,-5.41175433198766e-05
1190644,txn_count_imbalance_10s,0.5,5.3657266083863145e-05
1190644,mkt_mid_start_600s,1.0050952434539795,-4.444564338342948e-05
1190644,ord_new_count_imbalance_5s,-0.75,-4.332334812095423e-05
1190644,ord_new_count_imbalance_60s,-0.46666666865348816,-4.200040974629267e-05
1190644,mkt_mid_std_600s,0.001850007800385356,-3.133761140531736e-05
1190644,txn_volume_imbalance_30s,0.5,2.846657079752125e-05
1190644,txn_volume_imbalance_10s,0.5,2.7786009020465e-05
1190644,mkt_trade_aggression_60s,0.31247058510780334,2.7535845269221346e-05
1190644,ord_cancel_count_imbalance_30s,-0.6000000238418579,2.6407799793876336e-05
1190644,txn_count_imbalance_30s,0.5,2.332180160340748e-05
1190644,ord_cancel_count_imbalance_60s,-0.5,2.290509492437884e-05
1190644,mkt_mid_return_5s,-0.00022155046463012695,-2.002071146777964e-05
1190644,txn_volume_imbalance_5s,-1.0,-1.8471875042609786e-05
1190644,ord_ofi_60s,-0.08982036262750626,-1.8119364451449634e-05
1190644,mkt_microprice_last,0.999911367893219,1.7187278287026893e-05
1190644,txn_count_imbalance_60s,0.6000000238418579,1.5601717317053007e-05
1190644,mkt_mid_return_600s,-0.005289811175316572,-1.3552289404724276e-05
1190644,txn_count_imbalance_5s,-1.0,-1.318258777355798e-05
1177388,mkt_mid_std_600s,0.006087508052587509,0.0002712809499518831
1177388,mkt_mid_range_120s,0.008179068565368652,0.0002640229554479337
1177388,mkt_mid_range_600s,0.018940985202789307,0.00019961066127285242
1177388,mkt_trade_count_rate_300s,8.963333129882812,-0.00017171949231987887
1177388,mkt_mid_std_300s,0.0057574971579015255,0.00014762506337511185
1177388,ord_new_count_imbalance_30s,0.46606335043907166,0.0001407414724994035
1177388,ord_new_count_imbalance_10s,0.37662336230278015,0.00013884208073880897
1177388,ord_new_count_imbalance_5s,0.43589743971824646,0.00013750926912533637
1177388,ord_ofi_60s,0.2623691260814667,0.00012650382423423534
1177388,mkt_mid_return_600s,-0.015681281685829163,0.00012162304927787372
1177388,mkt_mid_range_300s,0.017649590969085693,0.00011475208660819416
1177388,mkt_trade_count_rate_30s,7.800000190734863,0.0001144299480255928
1177388,mkt_trade_count_rate_60s,9.566666603088379,-0.00011130097726415501
1177388,ord_cancel_count_imbalance_60s,-0.35820895433425903,0.00010957051728541169
1177388,mkt_trade_aggression_5s,-0.7623926997184753,-0.0001010392487557883
1177388,mkt_depth_imb1_delta_120s_vs_600s,-0.15168234705924988,9.909344228144954e-05
1177388,mkt_mid_start_300s,1.0152819156646729,-8.96870553647728e-05
1177388,mkt_mid_std_120s,0.002703486243262887,-8.777543971670493e-05
1177388,mkt_mid_return_120s,-0.005991864018142223,8.089949519576334e-05
1177388,mkt_mid_start_120s,1.0058114528656006,7.932264670059658e-05
1245326,txn_count_imbalance_10s,-0.7142857313156128,-3.6472214813138996e-05
1245326,mkt_depth_imb12_mean_600s,-0.31858640909194946,3.1782567438855576e-05
1245326,ord_cancel_count_imbalance_1s,-1.0,2.440282182597649e-05
1245326,ord_new_count_imbalance_10s,-0.2800000011920929,-2.4050343240758707e-05
1245326,txn_volume_imbalance_30s,0.3799999952316284,2.334319064195869e-05
1245326,txn_volume_imbalance_5s,-0.9090909361839294,-2.2887945596822208e-05
1245326,ord_new_count_imbalance_30s,-0.125,-2.1415508077628696e-05
1245326,txn_volume_imbalance_10s,-0.8399999737739563,-1.7463662123270924e-05
1245326,ord_new_count_imbalance_60s,-0.1366906464099884,-1.5916297098899432e-05
1245326,ord_cancel_count_imbalance_30s,0.6000000238418579,-1.583431927556564e-05
1245326,ord_new_count_imbalance_5s,-0.30000001192092896,-1.4365845338426036e-05
1245326,txn_count_imbalance_5s,-0.8333333134651184,-1.4256793745854004e-05
1245326,mkt_trade_aggression_60s,0.09847103804349899,1.3866785051387786e-05
1245326,mkt_microprice_last,1.0000708103179932,-1.1285901221893975e-05
1245326,mkt_trade_aggression_5s,-0.8636087775230408,-1.0891373412335308e-05
1245326,txn_count_imbalance_30s,0.12820513546466827,1.0745499969605574e-05
1245326,ord_ask_vwap_1s,1.0007848739624023,-9.298361397703044e-06
1245326,mkt_depth_imb1_delta_5s_vs_600s,-0.5650943517684937,-9.036501867856944e-06
1245326,ord_decay_imbalance_lam0p1,0.3053150475025177,8.868943916888634e-06
1245326,ord_ofi_30s,0.1570248007774353,8.856108451347615e-06
1222842,mkt_trade_volume_rate_600s,7681.68310546875,-0.00010522936262887425
1222842,mkt_mid_return_60s,0.001608380232937634,-5.882374419544433e-05
1222842,ord_bid_vwap_60s,0.990026593208313,3.945481666304413e-05
1222842,mkt_trade_count_rate_600s,6.4633331298828125,-3.927230127170718e-05
1222842,txn_count_imbalance_10s,-0.5882353186607361,-3.852445564045548e-05
1222842,ord_new_count_imbalance_10s,-0.21875,-3.616848767566761e-05
1222842,ord_new_count_imbalance_60s,-0.18694362044334412,-3.395204938296216e-05
1222842,ord_cancel_count_imbalance_30s,0.517241358757019,-3.248723243018512e-05
1222842,ord_new_count_imbalance_30s,-0.21348313987255096,-3.177582487266176e-05
1222842,ord_ask_vwap_60s,1.0218286514282227,-3.153021519527355e-05
1222842,txn_vwap_5s,0.9993798136711121,-2.638497239273648e-05
1222842,mkt_depth_imb1_std_10s,1.060927391052246,-2.3074994842389704e-05
1222842,txn_volume_imbalance_30s,-0.29878050088882446,-2.304843106697599e-05
1222842,ord_cancel_count_imbalance_60s,0.12903225421905518,-2.2473100854439495e-05
1222842,mkt_mid_start_300s,1.0028090476989746,2.0608930567758216e-05
1222842,txn_count_imbalance_5s,-0.75,-1.986717554811383e-05
1222842,mkt_micro_minus_mid_last,-0.0003558089374564588,-1.7758477988525285e-05
1222842,ord_event_rate_10s,7.099999904632568,1.6530053276181927e-05
1222842,mkt_trade_count_rate_120s,4.608333110809326,-1.599982056984114e-05
1222842,ord_ask_vwap_30s,1.027124285697937,-1.588291406845763e-05
1212127,mkt_micro_minus_mid_last,-0.00046675631892867386,-5.4982857033906e-05
1212127,ord_new_count_imbalance_30s,0.3333333432674408,5.245942225420535e-05
1212127,mkt_bid_slope_last,0.0001024007797241211,4.6328594538278026e-05
1212127,mkt_ask_slope_last,0.0001024007797241211,-3.97599920725615e-05
1212127,mkt_mid_return_30s,0.0008704361389391124,-3.3579303456933604e-05
1212127,txn_vwap_60s,1.0012950897216797,3.257685000532097e-05
1212127,txn_count_imbalance_10s,-1.0,-2.5631753948943752e-05
1212127,ord_new_count_imbalance_5s,-0.5,-2.4806922144617945e-05
1212127,ord_ofi_60s,0.06409081816673279,2.2936042048192306e-05
1212127,mkt_total_depth_mean_10s,1619.3333740234375,-2.2467738588581242e-05
1212127,mkt_mid_return_60s,-0.0005624555633403361,2.153825290043119e-05
1212127,txn_count_imbalance_60s,-0.3333333432674408,-2.0265126346290973e-05
1212127,mkt_trade_aggression_60s,0.3152122497558594,2.0181923446469152e-05
1212127,txn_volume_imbalance_30s,0.3576437532901764,1.7791788269859424e-05
1212127,txn_volume_imbalance_10s,-1.0,-1.7167885452073903e-05
1212127,txn_vwap_total,1.0012950897216797,1.5568440534686876e-05
1212127,ord_ofi_30s,0.12910069525241852,1.392736048883271e-05
1212127,mkt_mid_return_120s,-0.0008689234964549541,1.371767135209625e-05
1212127,ord_cancel_count_imbalance_60s,-0.25925925374031067,1.3540299625513291e-05
1212127,mkt_microprice_last,1.0003012418746948,-1.318957948435976e-05
1190724,ord_new_count_imbalance_30s,-0.6734693646430969,-0.00013145167782098878
1190724,ord_new_count_imbalance_60s,-0.4146341383457184,-4.899871485196288e-05
1190724,txn_count_imbalance_10s,0.08571428805589676,3.662021102057188e-05
1190724,txn_volume_imbalance_30s,-0.38317757844924927,-3.125820034233156e-05
1190724,mkt_mid_return_60s,-0.0007029559346847236,3.073242526412533e-05
1190724,mkt_ask_slope_last,0.00020122528076171875,-3.0531687634294174e-05
1190724,mkt_mid_return_120s,-0.003604712663218379,2.6847479908313425e-05
1190724,mkt_microprice_last,1.0011310577392578,-2.4512693073673632e-05
1190724,mkt_mid_start_600s,1.0047283172607422,-2.4028151794351503e-05
1190724,ord_ofi_30s,-0.21621622145175934,-2.3231453931231245e-05
1190724,ord_bid_vwap_1s,1.0006036758422852,1.9578825890690785e-05
1190724,ord_bid_vwap_30s,0.9998253583908081,1.8715451423454803e-05
1190724,ord_decay_imbalance_lam0p1,-0.4333302676677704,-1.7689458400403888e-05
1190724,ord_new_count_imbalance_5s,-0.3333333432674408,-1.7675105035415772e-05
1190724,mkt_mid_last,1.0011066198349,-1.693968036512732e-05
1190724,ord_ofi_60s,-0.20604534447193146,-1.6021231493147325e-05
1190724,mkt_trade_aggression_5s,-0.5,-1.5809073416846723e-05
1190724,mkt_trade_aggression_600s,-0.11775941401720047,1.580779444995101e-05
1190724,txn_price_range_5s,0.0014084577560424805,1.5630435267842173e-05
1190724,mkt_mid_return_30s,-0.0007029559346847236,1.524409446240459e-05
1216306,mkt_mid_return_60s,-0.001376485452055931,7.468266211741237e-05
1216306,mkt_micro_minus_mid_last,-0.00046083328197710216,-6.935872462678742e-05
1216306,ord_new_count_imbalance_30s,0.2982456088066101,6.565843947216691e-05
1216306,mkt_mid_return_120s,-0.002749157138168812,5.4137626908934846e-05
1216306,ord_new_count_imbalance_60s,0.15463916957378387,4.044556158024956e-05
1216306,txn_volume_imbalance_5s,1.0,3.2728161805791715e-05
1216306,mkt_microprice_last,0.9988504648208618,3.133413689286042e-05
1216306,mkt_depth_imb12_mean_600s,-0.1528424322605133,3.008837001007312e-05
1216306,mkt_mid_range_300s,0.0061983466148376465,2.9329741532831924e-05
1216306,ord_new_count_imbalance_5s,0.5,2.838605288949878e-05
1216306,txn_count_imbalance_10s,-0.20000000298023224,-2.614751389559424e-05
1216306,ord_cancel_count_imbalance_30s,0.5,-2.221559955241759e-05
1216306,ord_ofi_60s,-0.40439674258232117,-2.101239808670315e-05
1216306,txn_count_imbalance_60s,-0.7916666865348816,-1.9522646848687688e-05
1216306,mkt_depth_imb1_mean_30s,-0.4900337755680084,1.8483732440384818e-05
1216306,txn_volume_imbalance_30s,-0.43396225571632385,-1.8258656556773897e-05
1216306,mkt_depth_imb1_delta_5s_vs_600s,-0.5640460252761841,-1.805453234667132e-05
1216306,txn_count_imbalance_5s,1.0,1.67092475272611e-05
1216306,ord_ofi_30s,-0.48596426844596863,-1.665391770594026e-05
1216306,ord_avg_new_size_5s,3037.5,1.6370723397896368e-05
1194901,ord_new_count_imbalance_60s,0.30434781312942505,5.168504539955749e-05
1194901,txn_vwap_60s,1.0018675327301025,4.622882565443042e-05
1194901,txn_count_imbalance_10s,-1.0,-3.698729305493971e-05
1194901,ord_new_count_imbalance_10s,-0.3333333432674408,-3.654471852531262e-05
1194901,txn_volume_imbalance_30s,-0.6000000238418579,-3.325350907651355e-05
1194901,mkt_depth_imb1_delta_5s_vs_600s,-0.1401222050189972,-3.220534240120177e-05
1194901,mkt_trade_aggression_60s,-0.24918144941329956,-2.8560174074179483e-05
1194901,ord_new_count_imbalance_30s,0.1666666716337204,2.5692159553821467e-05
1194901,txn_vwap_total,1.0018675327301025,2.4863888623562903e-05
1194901,ord_ofi_60s,0.3886280655860901,2.3981907620997303e-05
1194901,mkt_depth_imb1_delta_10s_vs_600s,-0.17998820543289185,-2.224248307952704e-05
1194901,mkt_microprice_last,1.001312017440796,-2.0132318922103285e-05
1194901,txn_count_imbalance_30s,-0.6000000238418579,-1.9579220357796514e-05
1194901,ord_new_count_imbalance_5s,-0.3333333432674408,-1.9003978020542707e-05
1194901,mkt_depth_imb12_mean_600s,-0.11949871480464935,1.861454375229963e-05
1194901,ord_decay_imbalance_lam0p1,-0.5045588612556458,-1.743889708620618e-05
1194901,ord_cancel_count_imbalance_60s,-0.6190476417541504,1.7154552848464533e-05
1194901,mkt_trade_aggression_30s,-0.375,-1.695075966450213e-05
1194901,mkt_trade_aggression_120s,-0.15256653726100922,-1.659088725990382e-05
1194901,txn_volume_imbalance_60s,0.6546762585639954,1.6216212390964105e-05
1194989,mkt_mid_std_600s,0.007107546553015709,0.0004331577026653925
1194989,txn_first_price,0.9939040541648865,-0.00030709218262774205
1194989,ord_new_count_imbalance_10s,0.5416666865348816,0.00022868719098465887
1194989,ord_new_count_imbalance_5s,0.5471698045730591,0.0002070301502584983
1194989,ord_new_count_imbalance_30s,0.5428571701049805,0.00019689800915064927
1194989,txn_volume_imbalance_1s,1.0,0.0001595536200446293
1194989,ord_ask_vwap_60s,1.0185762643814087,-0.00011399136534919899
1194989,txn_volume_imbalance_30s,0.4455207288265228,0.00010642419969571173
1194989,txn_count_imbalance_10s,0.5813953280448914,9.517676402039202e-05
1194989,txn_volume_rate_10s,2310.0,9.46305751857479e-05
1194989,txn_vwap_total,0.9953818917274475,-9.300120352543924e-05
1194989,mkt_trade_count_rate_300s,9.563333511352539,-9.201013682660392e-05
1194989,mkt_trade_aggression_60s,-0.4346824884414673,-8.892730744643364e-05
1194989,ord_cancel_rate_5s,5.400000095367432,-8.730014658418035e-05
1194989,ord_ofi_60s,0.23642303049564362,8.198537556911336e-05
1194989,mkt_mid_start_10s,0.998674750328064,8.003598225018463e-05
1194989,ord_new_rate_5s,10.600000381469727,7.83869565861459e-05
1194989,mkt_trade_aggression_300s,-0.10600647330284119,-7.81481637703554e-05
1194989,mkt_mid_return_10s,0.00092888786457479,7.522034460182234e-05
1194989,txn_volume_imbalance_5s,0.9793814420700073,7.203029691816384e-05
1208023,ord_new_count_imbalance_60s,-0.3012048304080963,-5.803661712301971e-05
1208023,txn_vwap_60s,1.0022622346878052,5.6112354335075435e-05
1208023,mkt_trade_aggression_600s,0.22635313868522644,-5.247770636414747e-05
1208023,mkt_micro_minus_mid_last,-0.0005942907882854342,-5.053002935094964e-05
1208023,txn_vwap_10s,1.0014104843139648,3.90893488219225e-05
1208023,ord_new_count_imbalance_30s,-0.30612245202064514,-3.684955624073264e-05
1208023,txn_count_imbalance_10s,-1.0,-3.4278939047183064e-05
1208023,mkt_depth_imb12_mean_600s,-0.3730120062828064,3.3112451680209366e-05
1208023,txn_volume_imbalance_60s,0.6743038296699524,3.305142782184886e-05
1208023,mkt_depth_imb1_mean_120s,-0.6667709946632385,2.54925814791311e-05
1208023,mkt_depth_imb12_mean_120s,-0.6048020124435425,2.4608458502539997e-05
1208023,mkt_trade_aggression_60s,0.11695604026317596,2.452407308332495e-05
1208023,txn_volume_imbalance_30s,0.7804775834083557,2.4039207891032888e-05
1208023,mkt_microprice_last,1.0016690492630005,-2.3944449572613007e-05
1208023,ord_avg_new_size_5s,3071.0,2.2506811161964327e-05
1208023,txn_count_imbalance_60s,0.4883720874786377,2.2359527842404555e-05
1208023,mkt_mid_return_600s,0.004744203761219978,2.222443881847833e-05
1208023,txn_volume_imbalance_10s,-1.0,-2.187139102022771e-05
1208023,txn_vwap_total,1.0022622346878052,2.1654990257945545e-05
1208023,mkt_mid_mean_5s,1.0022633075714111,2.0880796117274616e-05
1253226,ord_new_count_imbalance_30s,-0.3684210479259491,-5.7282587507664986e-05
1253226,txn_count_imbalance_10s,0.7333333492279053,5.5465052159949494e-05
1253226,mkt_depth_imb12_mean_600s,-0.27524513006210327,4.9260999883482e-05
1253226,txn_volume_imbalance_5s,0.9086757898330688,4.4318350708531773e-05
1253226,mkt_micro_minus_mid_last,-0.00046052876859903336,-4.0270463878451526e-05
1253226,txn_count_imbalance_30s,0.7058823704719543,3.918237109904483e-05
1253226,txn_volume_imbalance_30s,0.8821138143539429,3.839730966202987e-05
1253226,mkt_mid_return_30s,0.0009857205441221595,-3.8071453092892234e-05
1253226,ord_ofi_60s,-0.3884093761444092,-3.216266660149135e-05
1253226,txn_volume_imbalance_60s,0.7509225010871887,3.2046230902076266e-05
1253226,txn_volume_imbalance_10s,0.9086757898330688,3.190271657057168e-05
1253226,mkt_mid_return_60s,0.0009857205441221595,-2.9787031530777837e-05
1253226,txn_volume_rate_5s,4380.0,2.796850686296807e-05
1253226,txn_count_imbalance_60s,0.5584415793418884,2.3296114973478446e-05
1253226,mkt_trade_aggression_5s,-0.5,-2.320068621597909e-05
1253226,mkt_microprice_last,1.0000320672988892,-2.248392447115518e-05
1253226,ord_new_count_imbalance_60s,-0.15555556118488312,-2.2452038295527964e-05
1253226,ord_cancel_count_imbalance_30s,0.75,-2.1487051883416525e-05
1253226,txn_count_imbalance_5s,0.7333333492279053,2.1440891556431747e-05
1253226,mkt_trade_aggression_10s,-0.5,-1.8520642800474597e-05
1246049,mkt_depth_imb12_mean_600s,-0.4179891347885132,7.733079861761985e-05
1246049,mkt_micro_minus_mid_last,-0.0005588175263255835,-7.420335820968485e-05
1246049,txn_count_imbalance_10s,0.07692307978868484,5.8777060891750175e-05
1246049,ord_new_count_imbalance_10s,-0.4146341383457184,-5.443410158303011e-05
1246049,mkt_trade_volume_rate_600s,25257.5,-5.299766245866954e-05
1246049,ord_new_count_imbalance_30s,-0.23456789553165436,-5.144645974077635e-05
1246049,ord_new_count_imbalance_5s,-0.5,-4.9161175900922536e-05
1246049,ord_avg_new_size_60s,6165.02734375,3.5734979862601676e-05
1246049,mkt_mid_std_600s,0.001902557210996747,-3.417583293668895e-05
1246049,txn_vwap_60s,1.0016430616378784,3.114007556464734e-05
1246049,mkt_trade_aggression_60s,0.11288297176361084,3.06591954641348e-05
1246049,ord_cancel_count_imbalance_60s,0.5447154641151428,-2.7686685346570052e-05
1246049,mkt_mid_range_600s,0.005050480365753174,2.7503749828849104e-05
1246049,ord_decay_imbalance_lam0p1,-0.42476484179496765,-2.736971401406693e-05
1246049,ord_cancel_count_imbalance_30s,0.5510203838348389,-2.6875642848492743e-05
1246049,mkt_micro_minus_mid_10s,-0.0005625337944366038,-2.5627501711712096e-05
1246049,mkt_trade_volume_rate_300s,17679.333984375,-2.5001287998856978e-05
1246049,ord_ofi_60s,-0.19988705217838287,-2.4158736641944256e-05
1246049,mkt_trade_count_rate_600s,6.943333148956299,-2.4111482736146372e-05
1246049,mkt_depth_imb1_delta_5s_vs_600s,0.1568710058927536,2.407572164709718e-05
1179936,txn_first_price,0.993630588054657,-0.00019566338634806799
1179936,txn_intensity_10s,12.199999809265137,0.00017770505673674484
1179936,mkt_mid_range_600s,0.0172884464263916,0.00017574641389139973
1179936,ord_new_count_imbalance_10s,0.5483871102333069,0.00017407178682610425
1179936,mkt_mid_std_600s,0.0036976528353989124,0.0001554044667950669
1179936,mkt_mid_range_300s,0.015013635158538818,0.00015227221266989508
1179936,ord_new_count_imbalance_5s,0.44680851697921753,0.00014790152122282746
1179936,mkt_mid_return_60s,0.0068681202828884125,-0.00012112209358775863
1179936,mkt_mid_std_120s,0.002801141468808055,-0.00011066760347842811
1179936,mkt_mid_return_10s,0.0009103386546485126,9.4783927019765e-05
1179936,mkt_microprice_last,1.0001099109649658,-9.469760084868204e-05
1179936,txn_volume_rate_1s,39900.0,-9.268092512867041e-05
1179936,ord_avg_new_size_10s,6595.69873046875,9.102626804306304e-05
1179936,txn_volume_imbalance_1s,0.7944862246513367,8.803965230289262e-05
1179936,mkt_mid_mean_600s,0.9898171424865723,-8.696796265491715e-05
1179936,mkt_trade_count_rate_30s,5.199999809265137,8.448613757606964e-05
1179936,ord_ofi_60s,0.22945791482925415,8.137460786521996e-05
1179936,txn_vwap_60s,0.997410237789154,-8.107552945111228e-05
1179936,ord_cancel_volume_imbalance_30s,0.682624101638794,7.869059487015088e-05
1179936,ord_avg_cancel_size_1s,14350.0,-7.695615717712368e-05
1254208,ord_new_count_imbalance_10s,0.6216216087341309,7.372290287998071e-05
1254208,ord_new_count_imbalance_30s,0.5600000023841858,7.020898983651332e-05
1254208,txn_count_imbalance_10s,0.692307710647583,5.947626426239903e-05
1254208,ord_new_count_imbalance_5s,0.6363636255264282,4.679336782999776e-05
1254208,ord_new_count_imbalance_60s,-0.23749999701976776,-4.2421081887910535e-05
1254208,txn_volume_imbalance_1s,-1.0,-3.427915565867572e-05
1254208,txn_volume_imbalance_10s,0.460317462682724,3.329354002387999e-05
1254208,mkt_mid_return_600s,0.005904656369239092,3.323800775323952e-05
1254208,mkt_microprice_last,1.0005303621292114,-3.059599285288169e-05
1254208,mkt_mid_return_60s,0.00083925761282444,-2.8070083559929223e-05
1254208,mkt_mid_return_30s,0.0012594298459589481,-2.7579265084198917e-05
1254208,ord_ask_vwap_1s,1.0,2.7454048919917564e-05
1254208,txn_count_imbalance_1s,-1.0,-2.6753486438245237e-05
1254208,ord_cancel_count_imbalance_60s,-0.5443037748336792,2.5979954882572725e-05
1254208,txn_volume_imbalance_30s,0.39698493480682373,2.419392727511751e-05
1254208,ord_decay_imbalance_lam0p1,0.6776111721992493,2.3919003058658967e-05
1254208,ord_ofi_30s,0.5362550020217896,2.353099825876865e-05
1254208,txn_volume_rate_10s,1890.0,1.767077122929304e-05
1254208,txn_count_imbalance_5s,0.739130437374115,1.7044872412995366e-05
1254208,mkt_mid_range_600s,0.007550328969955444,-1.686194982027709e-05
1210846,mkt_micro_minus_mid_last,-0.0007131331949494779,-9.043687408256009e-05
1210846,mkt_micro_minus_mid_10s,-0.0007106863777153194,-5.087510693751443e-05
1210846,txn_count_imbalance_10s,0.6363636255264282,4.809011618708714e-05
1210846,ord_new_count_imbalance_60s,0.17241379618644714,3.672799602654813e-05
1210846,txn_volume_imbalance_30s,0.530434787273407,3.0448874864391476e-05
1210846,ord_new_count_imbalance_30s,0.0,-2.732111315179395e-05
1210846,mkt_depth_imb1_delta_5s_vs_600s,-0.7651207447052002,-2.670519188642159e-05
1210846,txn_volume_imbalance_10s,0.4482758641242981,2.6380646598508295e-05
1210846,ord_cancel_count_imbalance_30s,0.38461539149284363,-2.6220880739800657e-05
1210846,txn_count_imbalance_30s,0.625,2.1714312226737163e-05
1210846,ord_ofi_60s,0.11247251182794571,2.0031653235845395e-05
1210846,ord_avg_new_size_10s,3935.71435546875,1.8316947048057586e-05
1210846,ord_new_count_imbalance_10s,-0.1428571492433548,-1.7127332092578874e-05
1210846,mkt_micro_minus_mid_5s,-0.0007105041295289993,-1.680982201975864e-05
1210846,ord_new_count_imbalance_5s,-0.1428571492433548,-1.629476675240997e-05
1210846,txn_volume_imbalance_60s,-0.25383079051971436,-1.5993255918479528e-05
1210846,mkt_micro_minus_mid_30s,-0.0007813948905095458,-1.5053839195789075e-05
1210846,txn_count_imbalance_60s,-0.342192679643631,-1.5004510739895203e-05
1210846,txn_vwap_5s,0.9986286163330078,-1.3675763536614904e-05
1210846,mkt_depth_imb1_delta_10s_vs_600s,-0.7653030157089233,-1.3664378211530755e-05
1199040,mkt_depth_imb1_mean_5s,0.9905660152435303,-5.9711045747583074e-05
1199040,ord_new_count_imbalance_30s,0.45679011940956116,5.873063853740493e-05
1199040,mkt_micro_minus_mid_last,0.0005229969974607229,4.6734687020611174e-05
1199040,mkt_mid_return_60s,-0.0010553986066952348,4.4295343480335166e-05
1199040,txn_volume_imbalance_1s,1.0,3.775691858784365e-05
1199040,ord_new_count_imbalance_10s,-0.3636363744735718,-3.76337534101783e-05
1199040,mkt_depth_imb1_last,0.9905660152435303,-3.70822706947461e-05
1199040,ord_new_count_imbalance_60s,0.4141414165496826,3.661840892756886e-05
1199040,mkt_mid_return_30s,-0.0010553986066952348,3.34168242959953e-05
1199040,mkt_trade_aggression_600s,0.19749949872493744,-2.6652773748293496e-05
1199040,mkt_depth_imb12_mean_600s,-0.4026237428188324,2.3056374414179095e-05
1199040,txn_count_imbalance_1s,1.0,2.2441077433314898e-05
1199040,mkt_micro_minus_mid_5s,0.0005229969974607229,2.2411522180395084e-05
1199040,mkt_trade_aggression_5s,0.6320840120315552,2.230407160826073e-05
1199040,mkt_microprice_last,0.9999949932098389,-2.159333218340192e-05
1199040,ord_new_count_imbalance_5s,-0.4736842215061188,-2.1069400003462896e-05
1199040,ord_cancel_count_imbalance_30s,0.7777777910232544,-1.9252198592313677e-05
1199040,mkt_trade_count_rate_600s,3.003333330154419,-1.8489408616997235e-05
1199040,txn_count_imbalance_10s,-0.0833333358168602,-1.7094488264725346e-05
1199040,mkt_depth_imb1_mean_120s,-0.5270964503288269,1.6048623334882465e-05
1222874,ord_new_count_imbalance_30s,0.523809552192688,7.580253485857317e-05
1222874,txn_count_imbalance_10s,1.0,5.1231794022679995e-05
1222874,mkt_depth_imb12_mean_600s,0.7128239870071411,-4.740900712611029e-05
1222874,mkt_micro_minus_mid_last,0.00042108824709430337,4.4747250225269626e-05
1222874,mkt_mid_return_60s,0.0011968902545049787,-4.196507906748082e-05
1222874,ord_new_count_imbalance_10s,-0.5,-3.9073950134077844e-05
1222874,mkt_trade_aggression_120s,0.35406023263931274,3.7298609000502155e-05
1222874,txn_count_imbalance_60s,0.8738738894462585,3.2799360449409004e-05
1222874,mkt_depth_imb12_mean_300s,0.797430694103241,-3.010126890254932e-05
1222874,txn_volume_imbalance_30s,0.7131474018096924,2.9525171264890937e-05
1222874,ord_new_count_imbalance_5s,-1.0,-2.8224270278935764e-05
1222874,txn_volume_imbalance_5s,1.0,2.6920453085510418e-05
1222874,ord_ofi_60s,0.4519650638103485,2.5644812822823443e-05
1222874,mkt_microprice_last,0.9998237490653992,2.4285390539675152e-05
1222874,txn_count_imbalance_30s,0.7735849022865295,2.292924560242031e-05
1222874,mkt_trade_aggression_60s,0.3469691276550293,2.1986949209507835e-05
1222874,txn_volume_imbalance_10s,1.0,2.041164967479515e-05
1222874,txn_volume_imbalance_60s,0.8538324236869812,1.9448569168374812e-05
1222874,ord_avg_new_size_10s,2825.0,1.831693408666247e-05
1222874,ord_ofi_30s,0.5850295424461365,1.8098852899485736e-05
1253289,mkt_micro_minus_mid_last,-0.0005910893087275326,-5.750108593272671e-05
1253289,mkt_mid_start_600s,1.004369854927063,-4.5023200298105764e-05
1253289,ord_new_count_imbalance_60s,-0.21739129722118378,-4.487456826039607e-05
1253289,mkt_micro_minus_mid_10s,-0.0005910893087275326,-4.096249520210964e-05
1253289,ord_new_count_imbalance_10s,1.0,3.9804341344183076e-05
1253289,ord_new_count_imbalance_30s,0.1428571492433548,3.930211275235576e-05
1253289,mkt_bid_slope_last,0.00012665987014770508,3.799440422616308e-05
1253289,ord_new_count_imbalance_5s,1.0,2.8927934468433605e-05
1253289,mkt_trade_aggression_60s,-0.4547903537750244,-2.8020184235138548e-05
1253289,mkt_ask_slope_last,0.00025331974029541016,-2.7389695063292924e-05
1253289,txn_count_imbalance_10s,,-2.6378643220827547e-05
1253289,ord_decay_imbalance_lam0p1,0.7335675954818726,2.58182580376023e-05
1253289,ord_ofi_60s,-0.22033898532390594,-2.050519290202592e-05
1253289,mkt_microprice_last,1.0010554790496826,-1.9165484318059002e-05
1253289,mkt_micro_minus_mid_30s,-0.0006009408389218152,-1.8447709969878834e-05
1253289,txn_count_imbalance_60s,-0.3333333432674408,-1.728317147638997e-05
1253289,ord_ofi_30s,-0.6000000238418579,-1.4749645640447463e-05
1253289,mkt_depth_imb1_delta_10s_vs_600s,-0.44280022382736206,-1.396154549260155e-05
1253289,ord_cancel_count_imbalance_60s,0.27272728085517883,-1.3750473833137425e-05
1253289,mkt_micro_minus_mid_60s,-0.0006144625367596745,-1.3246916664827338e-05
1212693,ord_new_count_imbalance_60s,0.8266666531562805,6.261511367652316e-05
1212693,ord_new_count_imbalance_30s,0.7647058963775635,5.136700258291091e-05
1212693,txn_count_imbalance_10s,-1.0,-4.9458782149553254e-05
1212693,ord_cancel_count_imbalance_60s,1.0,-4.716450172410617e-05
1212693,mkt_bid_slope_last,,4.0018621673101603e-05
1212693,mkt_empty_ask_share,1.0,-3.789805892005053e-05
1212693,mkt_mid_start_600s,,3.5945029421677804e-05
1212693,txn_volume_imbalance_30s,-1.0,-3.3705745124787274e-05
1212693,mkt_micro_minus_mid_last,,-3.0652476268124125e-05
1212693,mkt_mid_range_600s,,-2.9284780319963717e-05
1212693,txn_count_imbalance_30s,-1.0,-2.7142418328870478e-05
1212693,ord_new_count_imbalance_10s,0.7272727489471436,2.6966465731978088e-05
1212693,ord_decay_imbalance_lam0p1,0.8834704160690308,2.6110834284663546e-05
1212693,ord_cancel_rate_30s,1.399999976158142,-2.6076526300242627e-05
1212693,ord_new_count_imbalance_5s,1.0,2.603707804729925e-05
1212693,ord_max_to_avg_size,38.44393539428711,2.398820387909717e-05
1212693,ord_cancel_count_imbalance_10s,1.0,-2.3740357425864354e-05
1212693,ord_cancel_rate_60s,1.5833333730697632,-2.2764888522334912e-05
1212693,ord_cancel_count_imbalance_30s,1.0,-2.1718308502950936e-05
1212693,mkt_mid_return_60s,,-2.081921940056903e-05
1187758,ord_new_count_imbalance_60s,0.6808510422706604,0.00013309788663821265
1187758,ord_new_count_imbalance_30s,0.7419354915618896,0.0001012930534817552
1187758,mkt_trade_aggression_600s,0.3383289575576782,-7.249210157547467e-05
1187758,mkt_mid_return_10s,0.0014955097576603293,-5.164233084301323e-05
1187758,mkt_micro_minus_mid_last,-0.00043286371510475874,-4.47728179996801e-05
1187758,ord_new_count_imbalance_10s,1.0,4.3757020305993033e-05
1187758,txn_volume_imbalance_1s,-1.0,-4.2720204795670654e-05
1187758,txn_count_imbalance_1s,-1.0,-3.985910092530051e-05
1187758,txn_count_imbalance_10s,-0.6666666865348816,-3.443639286231681e-05
1187758,mkt_micro_minus_mid_10s,-0.0006513076368719339,-3.1954751176296864e-05
1187758,txn_volume_imbalance_30s,0.1631205677986145,3.1210375235401285e-05
1187758,mkt_micro_minus_mid_60s,-0.00027881431742571294,-2.9979562868264373e-05
1187758,ord_new_count_imbalance_5s,1.0,2.835838667014325e-05
1187758,ord_ask_vwap_1s,,-2.4658262164127396e-05
1187758,ord_ask_vwap_5s,1.0288844108581543,2.4579998607044254e-05
1187758,ord_decay_imbalance_lam0p1,0.8694720268249512,2.426335732473284e-05
1187758,txn_intensity_1s,5.0,2.364861870129227e-05
1187758,mkt_depth_imb12_mean_600s,-0.1986282467842102,2.3264300190318315e-05
1187758,mkt_microprice_last,1.0000650882720947,-2.2782986627803524e-05
1187758,txn_count_imbalance_30s,0.4000000059604645,2.0604543120556044e-05
1173223,ord_new_count_imbalance_30s,-0.692307710647583,-0.0001611307354901594
1173223,mkt_trade_volume_rate_5s,13300.0,-0.0001467860210221352
1173223,ord_new_count_imbalance_10s,-0.8536585569381714,-0.0001238870862540014
1173223,ord_cancel_count_imbalance_60s,-0.6071428656578064,9.229571898551679e-05
1173223,ord_new_count_imbalance_60s,-0.625,-8.560136652986001e-05
1173223,mkt_mid_std_600s,0.00332924397662282,7.02177659944139e-05
1173223,ord_new_count_imbalance_5s,-0.800000011920929,-6.885778834002582e-05
1173223,mkt_trade_aggression_120s,0.22907187044620514,6.582200627692862e-05
1173223,txn_volume_imbalance_30s,-0.6914678812026978,-6.415846332662268e-05
1173223,mkt_mid_mean_300s,1.004343032836914,5.845932406047823e-05
1173223,txn_volume_imbalance_10s,-0.9007092118263245,-5.65542344976926e-05
1173223,ord_bid_vwap_30s,0.9688860774040222,-5.227671828442413e-05
1173223,mkt_mid_range_60s,0.0043795108795166016,-5.179755415112184e-05
1173223,ord_decay_imbalance_lam0p1,-0.7793842554092407,-4.9752895983282184e-05
1173223,ord_ofi_30s,-0.34437641501426697,-4.887891245130036e-05
1173223,txn_price_std_60s,0.0013962985249236226,-4.705796186831471e-05
1173223,ord_cancel_count_imbalance_30s,-0.6585366129875183,4.381634736129135e-05
1173223,mkt_mid_return_60s,-0.0039999536238610744,4.3585731440149466e-05
1173223,mkt_trade_count_rate_10s,7.300000190734863,4.2984031973825775e-05
1173223,txn_count_imbalance_10s,-0.653333306312561,-4.0599388230784355e-05
1184448,mkt_mid_start_600s,0.9864428639411926,0.00018263719688962977
1184448,mkt_mid_return_600s,0.013416232541203499,0.00013695316134635738
1184448,ord_new_count_imbalance_10s,-0.48148149251937866,-9.455469690636267e-05
1184448,mkt_depth_imb1_std_600s,0.6706319451332092,-9.042176907590731e-05
1184448,txn_volume_imbalance_1s,-1.0,-8.067329603976786e-05
1184448,ord_new_count_imbalance_30s,-0.47727271914482117,-7.148300357979814e-05
1184448,mkt_mid_std_600s,0.005633371416479349,6.70185338038426e-05
1184448,mkt_trade_aggression_60s,0.08547154814004898,6.51256188629627e-05
1184448,mkt_mid_return_60s,-0.0012898769928142428,5.932883205164125e-05
1184448,ord_new_count_imbalance_60s,-0.4545454680919647,-5.886367374330367e-05
1184448,ord_ofi_60s,0.02685052901506424,5.292146075807604e-05
1184448,txn_count_imbalance_10s,-0.43478259444236755,-5.166073854715042e-05
1184448,ord_cancel_count_imbalance_1s,-1.0,4.966933840449877e-05
1184448,mkt_mid_start_300s,0.993867039680481,4.9648188809858423e-05
1184448,mkt_mid_return_120s,-0.001933583291247487,4.730354553409046e-05
1184448,mkt_trade_count_rate_10s,7.300000190734863,4.547934675263414e-05
1184448,txn_volume_imbalance_30s,-0.331619530916214,-4.4241159138330455e-05
1184448,mkt_mid_std_300s,0.0025692488998174667,4.2288267670629e-05
1184448,mkt_depth_imb1_last,0.9414634108543396,-4.204779102429594e-05
1184448,mkt_depth_imb12_mean_600s,-0.18079790472984314,4.184729766229189e-05
