split,signal,block,n_blocks,autocorr,noise_se
train,mkt_mid_std_60s,10,125764,0.21425,0.00282
train,mkt_mid_std_60s,100,12577,0.74459,0.00892
train,mkt_mid_std_60s,1000,1258,0.95904,0.02819
train,mkt_mid_std_60s,10000,126,0.85635,0.08909
train,txn_intensity_60s,10,125764,0.22780,0.00282
train,txn_intensity_60s,100,12577,0.74893,0.00892
train,txn_intensity_60s,1000,1258,0.95807,0.02819
train,txn_intensity_60s,10000,126,0.84330,0.08909
train,mkt_rel_spread_mean_5s,10,125764,0.06754,0.00282
train,mkt_rel_spread_mean_5s,100,12577,0.42845,0.00892
train,mkt_rel_spread_mean_5s,1000,1258,0.87090,0.02819
train,mkt_rel_spread_mean_5s,10000,126,0.87760,0.08909
test,mkt_mid_std_60s,10,64789,-0.00276,0.00393
test,mkt_mid_std_60s,100,6479,-0.00519,0.01242
test,mkt_mid_std_60s,1000,648,0.01963,0.03928
test,mkt_mid_std_60s,10000,65,0.09355,0.12403
test,txn_intensity_60s,10,64790,-0.00067,0.00393
test,txn_intensity_60s,100,6479,-0.01096,0.01242
test,txn_intensity_60s,1000,648,-0.00411,0.03928
test,txn_intensity_60s,10000,65,0.12504,0.12403
test,mkt_rel_spread_mean_5s,10,64790,0.00387,0.00393
test,mkt_rel_spread_mean_5s,100,6479,0.00304,0.01242
test,mkt_rel_spread_mean_5s,1000,648,0.01141,0.03928
test,mkt_rel_spread_mean_5s,10000,65,-0.23432,0.12403
